{"assest/equipment/polisher.jpg":["assest/equipment/polisher.jpg"],"assest/equipment/theory/HT.png":["assest/equipment/theory/HT.png"],"assest/equipment/theory/IH.png":["assest/equipment/theory/IH.png"],"assest/equipment/theory/automatic_cutter/posserabracut.png":["assest/equipment/theory/automatic_cutter/posserabracut.png"],"assest/equipment/theory/fdc.png":["assest/equipment/theory/fdc.png"],"assest/floors/floor1/Mech.png":["assest/floors/floor1/Mech.png"],"assest/floors/floor1/g.png":["assest/floors/floor1/g.png"],"assest/floors/floor1/w.jpg":["assest/floors/floor1/w.jpg"],"assest/layout/layout.png":["assest/layout/layout.png"],"assest/layout/sci.png":["assest/layout/sci.png"],"assest/search/T.jpg":["assest/search/T.jpg"],"assest/search/dir.jpg":["assest/search/dir.jpg"],"assest/search/e.png":["assest/search/e.png"],"assest/search/rsh.jpg":["assest/search/rsh.jpg"],"assest/search/s.png":["assest/search/s.png"],"assest/test/hdtbg1.jpg":["assest/test/hdtbg1.jpg"],"assest/test/ttbg1.jpg":["assest/test/ttbg1.jpg"],"assest/welcome/motto.png":["assest/welcome/motto.png"],"packages/cupertino_icons/assets/CupertinoIcons.ttf":["packages/cupertino_icons/assets/CupertinoIcons.ttf"],"packages/flutter_inappwebview/t_rex_runner/t-rex.css":["packages/flutter_inappwebview/t_rex_runner/t-rex.css"],"packages/flutter_inappwebview/t_rex_runner/t-rex.html":["packages/flutter_inappwebview/t_rex_runner/t-rex.html"],"packages/font_awesome_flutter/lib/fonts/fa-brands-400.ttf":["packages/font_awesome_flutter/lib/fonts/fa-brands-400.ttf"],"packages/font_awesome_flutter/lib/fonts/fa-regular-400.ttf":["packages/font_awesome_flutter/lib/fonts/fa-regular-400.ttf"],"packages/font_awesome_flutter/lib/fonts/fa-solid-900.ttf":["packages/font_awesome_flutter/lib/fonts/fa-solid-900.ttf"],"packages/youtube_player_flutter/assets/speedometer.webp":["packages/youtube_player_flutter/assets/speedometer.webp"]}